"0","import geopandas as gpd"
"0","from shapely import wkt"
"0",""
"0","# Convert R sf objects to GeoDataFrames"
"0","stops_py = r.stops"
"0","boroughs_py = r.boroughs"
"0",""
"0","# Ensure geometry column is properly set"
"0","stops_py = gpd.GeoDataFrame(stops_py, geometry=""geometry"")"
"2","G3;Traceback (most recent call last):
  File ""<string>"", line 1, in <module>
  File ""[90m]8;line = 243;file://C:\Users\cgra\AppData\Local\R\cache\R\reticulate\uv\cache\archive-v0\5KvoEdgvcEUz34oBVr8AA\Lib\site-packages\geopandas\geodataframe.pyC:\Users\cgra\AppData\Local\R\cache\R\reticulate\uv\cache\archive-v0\5KvoEdgvcEUz34oBVr8AA\Lib\site-packages\geopandas\geodataframe.py]8;;[39m"", line 243, in __init__
    self.set_geometry(geometry, inplace=True, crs=crs)
  File ""[90m]8;line = 464;file://C:\Users\cgra\AppData\Local\R\cache\R\reticulate\uv\cache\archive-v0\5KvoEdgvcEUz34oBVr8AA\Lib\site-packages\geopandas\geodataframe.pyC:\Users\cgra\AppData\Local\R\cache\R\reticulate\uv\cache\archive-v0\5KvoEdgvcEUz34oBVr8AA\Lib\site-packages\geopandas\geodataframe.py]8;;[39m"", line 464, in set_geometry
    level = _ensure_geometry(level, crs=crs)
            ^^^^^^^^^^^^^^^^^^^^^^^^^^^^^^^^
  File ""[90m]8;line = 68;file://C:\Users\cgra\AppData\Local\R\cache\R\reticulate\uv\cache\archive-v0\5KvoEdgvcEUz34oBVr8AA\Lib\site-packages\geopandas\geodataframe.pyC:\Users\cgra\AppData\Local\R\cache\R\reticulate\uv\cache\archive-v0\5KvoEdgvcEUz34oBVr8AA\Lib\site-packages\geopandas\geodataframe.py]8;;[39m"", line 68, in _ensure_geometry
    out = from_shapely(np.asarray(data), crs=crs)
          ^^^^^^^^^^^^^^^^^^^^^^^^^^^^^^^^^^^^^^^
  File ""[90m]8;line = 187;file://C:\Users\cgra\AppData\Local\R\cache\R\reticulate\uv\cache\archive-v0\5KvoEdgvcEUz34oBVr8AA\Lib\site-packages\geopandas\array.pyC:\Users\cgra\AppData\Local\R\cache\R\reticulate\uv\cache\archive-v0\5KvoEdgvcEUz34oBVr8AA\Lib\site-packages\geopandas\array.py]8;;[39m"", line 187, in from_shapely
    raise TypeError(f""Input must be valid geometry objects: {geom}"")
TypeError: Input must be valid geometry objects: [382382.5074225863, 403794.0867170682]
g"
"0","boroughs_py = gpd.GeoDataFrame(boroughs_py, geometry=""geometry"")"
"2","G3;Traceback (most recent call last):
  File ""[90m]8;line = 3641;file://C:\Users\cgra\AppData\Local\R\cache\R\reticulate\uv\cache\archive-v0\5KvoEdgvcEUz34oBVr8AA\Lib\site-packages\pandas\core\indexes\base.pyC:\Users\cgra\AppData\Local\R\cache\R\reticulate\uv\cache\archive-v0\5KvoEdgvcEUz34oBVr8AA\Lib\site-packages\pandas\core\indexes\base.py]8;;[39m"", line 3641, in get_loc
    return self._engine.get_loc(casted_key)
           ^^^^^^^^^^^^^^^^^^^^^^^^^^^^^^^^
  File ""pandas/_libs/index.pyx"", line 168, in pandas._libs.index.IndexEngine.get_loc
  File ""pandas/_libs/index.pyx"", line 197, in pandas._libs.index.IndexEngine.get_loc
  File ""pandas/_libs/hashtable_class_helper.pxi"", line 7668, in pandas._libs.hashtable.PyObjectHashTable.get_item
  File ""pandas/_libs/hashtable_class_helper.pxi"", line 7676, in pandas._libs.hashtable.PyObjectHashTable.get_item
KeyError: 'geometry'

The above exception was the direct cause of the following exception:

Traceback (most recent call last):
  File ""[90m]8;line = 420;file://C:\Users\cgra\AppData\Local\R\cache\R\reticulate\uv\cache\archive-v0\5KvoEdgvcEUz34oBVr8AA\Lib\site-packages\geopandas\geodataframe.pyC:\Users\cgra\AppData\Local\R\cache\R\reticulate\uv\cache\archive-v0\5KvoEdgvcEUz34oBVr8AA\Lib\site-packages\geopandas\geodataframe.py]8;;[39m"", line 420, in set_geometry
    level = frame[col]
            ~~~~~^^^^^
  File ""[90m]8;line = 1891;file://C:\Users\cgra\AppData\Local\R\cache\R\reticulate\uv\cache\archive-v0\5KvoEdgvcEUz34oBVr8AA\Lib\site-packages\geopandas\geodataframe.pyC:\Users\cgra\AppData\Local\R\cache\R\reticulate\uv\cache\archive-v0\5KvoEdgvcEUz34oBVr8AA\Lib\site-packages\geopandas\geodataframe.py]8;;[39m"", line 1891, in __getitem__
    result = super().__getitem__(key)
             ^^^^^^^^^^^^^^^^^^^^^^^^
  File ""[90m]8;line = 4378;file://C:\Users\cgra\AppData\Local\R\cache\R\reticulate\uv\cache\archive-v0\5KvoEdgvcEUz34oBVr8AA\Lib\site-packages\pandas\core\frame.pyC:\Users\cgra\AppData\Local\R\cache\R\reticulate\uv\cache\archive-v0\5KvoEdgvcEUz34oBVr8AA\Lib\site-packages\pandas\core\frame.py]8;;[39m"", line 4378, in __getitem__
    indexer = self.columns.get_loc(key)
              ^^^^^^^^^^^^^^^^^^^^^^^^^
  File ""[90m]8;line = 3648;file://C:\Users\cgra\AppData\Local\R\cache\R\reticulate\uv\cache\archive-v0\5KvoEdgvcEUz34oBVr8AA\Lib\site-packages\pandas\core\indexes\base.pyC:\Users\cgra\AppData\Local\R\cache\R\reticulate\uv\cache\archive-v0\5KvoEdgvcEUz34oBVr8AA\Lib\site-packages\pandas\core\indexes\base.py]8;;[39m"", line 3648, in get_loc
    raise KeyError(key) from err
KeyError: 'geometry'

During handling of the above exception, another exception occurred:

Traceback (most recent call last):
  File ""<string>"", line 1, in <module>
  File ""[90m]8;line = 243;file://C:\Users\cgra\AppData\Local\R\cache\R\reticulate\uv\cache\archive-v0\5KvoEdgvcEUz34oBVr8AA\Lib\site-packages\geopandas\geodataframe.pyC:\Users\cgra\AppData\Local\R\cache\R\reticulate\uv\cache\archive-v0\5KvoEdgvcEUz34oBVr8AA\Lib\site-packages\geopandas\geodataframe.py]8;;[39m"", line 243, in __init__
    self.set_geometry(geometry, inplace=True, crs=crs)
  File ""[90m]8;line = 422;file://C:\Users\cgra\AppData\Local\R\cache\R\reticulate\uv\cache\archive-v0\5KvoEdgvcEUz34oBVr8AA\Lib\site-packages\geopandas\geodataframe.pyC:\Users\cgra\AppData\Local\R\cache\R\reticulate\uv\cache\archive-v0\5KvoEdgvcEUz34oBVr8AA\Lib\site-packages\geopandas\geodataframe.py]8;;[39m"", line 422, in set_geometry
    raise ValueError(f""Unknown column {col}"")
ValueError: Unknown column geometry
g"
"0","stops_in_borough = gpd.sjoin("
"0","    stops,"
"0","    boroughs,"
"0","    how=""inner"","
"0","    predicate=""within"""
"0",")"
"2","G3;Traceback (most recent call last):
  File ""<string>"", line 2, in <module>
NameError: name 'stops' is not defined
g"
"0","borough_counts = ("
"0","    stops_in_borough"
"0","    .groupby(""LAD22NM"")"
"0","    .size()"
"0","    .reset_index(name=""n_stops"")"
"0",")"
"2","G3;Traceback (most recent call last):
  File ""<string>"", line 2, in <module>
NameError: name 'stops_in_borough' is not defined
g"
